Product Title,Product Brand,Product Price,Product Currency,Product Pre Reduction Price,Product discount
Youth 530,New Balance,52.25,BHD,,
Kids Tensaur Comfort Ac,Adidas,16.39,BHD,21.57,-25%
Youth Campus 00S,adidas Originals,32.9,BHD,46.50,-30%
Youth Deportivo III TF,Adidas,13.78,BHD,18.32,-25%
NIKE V5 RNR E BP,Nike,38.59,BHD,,
Youth Runfalcon 5,Adidas,18.78,BHD,24.83,-25%
Kids Copa Pure Iv League Tf,Adidas,17.99,BHD,30.24,-41%
Tensaur Comfort Shoes Kids,Adidas,23.79,BHD,,
Kids Handball Spezial,adidas Originals,20.38,BHD,30.24,-33%
Youth Handball Spezial,adidas Originals,30.62,BHD,46.50,-35%
Infant Samba Crib,adidas Originals,15.71,BHD,20.49,-24%
Infant Samba Og Cf El,adidas Originals,22.42,BHD,30.24,-26%
Air Jordan 1 Mid,Jordan,37.34,BHD,57.35,-35%
Kids Runfalcon 5 El,Adidas,16.39,BHD,21.57,-25%
Kids Chuck Taylor All Star,CONVERSE,12.52,BHD,19.41,-36%
Kids Chuck Taylor All Star,CONVERSE,14.57,BHD,27.00,-47%
Youth Gazelle,adidas Originals,12.63,BHD,43.26,-71%
Youth Runfalcon 5 El,Adidas,12.29,BHD,21.57,-44%
Kids Club Ii Era,PUMA,17.76,BHD,28.08,-37%
Youth Runfalcon 5,Adidas,14,BHD,24.83,-44%
Infant Campus 00S Cf El,adidas Originals,16.28,BHD,30.24,-47%
Tensaur Switch Shoes Kids,Adidas,15.6,BHD,20.49,-24%
Infant Tensaur Comfort Ac,Adidas,15.03,BHD,19.41,-23%
Infant Grand Court Mickey,Adidas,16.74,BHD,22.66,-27%
Kids Gel-1130 Ps,asics,36.31,BHD,36.32,-1%
Infant Vl Court 3.0 Cf,Adidas,23.11,BHD,24.93,-8%
Infant Samba Og Cf El,adidas Originals,21.4,BHD,25.91,-18%
Youth Copa Pure IV Club IN,Adidas,13.78,BHD,22.66,-40%
Kids Campus 00S C,adidas Originals,20.95,BHD,35.67,-42%
Kids Barreda Decode Elsa,Adidas,20.26,BHD,27.00,-25%
Air Jordan 1 Mid,Jordan,37.34,BHD,57.35,-35%
Youth Gel-Nyc Gs,asics,49.51,BHD,52.36,-6%
Kids Breakbase,Adidas,18.9,BHD,22.66,-17%
Kids Vl Court 3.0,Adidas,20.15,BHD,25.91,-23%
Youth Rickie,PUMA,19.58,BHD,21.57,-10%
Kids Campus 00S C,adidas Originals,20.95,BHD,35.67,-42%
Kids Runfalcon 5 El,Adidas,16.39,BHD,21.57,-25%
Kids Gel-1130 Ps,asics,39.27,BHD,,
Kids Bounder,SKECHERS,14,BHD,16.48,-16%
Infant Runfalcon 5 El,Adidas,17.64,BHD,19.41,-10%
Kids Grand Court Spider-Man,Adidas,20.26,BHD,27.00,-25%
Youth Runfalcon 5,Adidas,17.76,BHD,24.83,-29%
Kids Chuck Taylor All Star,CONVERSE,14.57,BHD,27.00,-47%
Kids Duramo Sl2 El,Adidas,17.07,BHD,22.66,-25%
Youth Graviton,PUMA,14.57,BHD,27.00,-47%
Kids Duramo Sl2 El,Adidas,17.87,BHD,22.66,-22%
Kids Grand Court Capt America El,Adidas,16.96,BHD,27.00,-38%
Kids Bounder,SKECHERS,12.07,BHD,16.48,-27%
Infant Adilette Estrap Buz,Adidas,11.16,BHD,13.98,-21%
Gs Official,UNDER ARMOUR,16.62,BHD,24.83,-34%
Infant Duramo Sl2 El,Adidas,17.64,BHD,20.49,-14%
Youth Barreda Decode,Adidas,17.87,BHD,28.08,-37%
Kids Grand Court 00S,Adidas,19.46,BHD,27.00,-28%
Kids Deportivo Iii Tf,Adidas,15.82,BHD,18.32,-14%
Kids Handball Spezial,adidas Originals,25.04,BHD,32.41,-23%
Kids Breakbase C,Adidas,18.9,BHD,22.66,-17%
Infant Gazellef El,adidas Originals,17.53,BHD,27.00,-36%
Youth Gs Jet '25,UNDER ARMOUR,21.74,BHD,32.41,-33%
Youth Adizero Evo Sl,Adidas,69.32,BHD,,
Kids Samba Og Cf El C,adidas Originals,26.52,BHD,35.67,-26%
Youth Gazelle,adidas Originals,28,BHD,43.26,-36%
Youth 408,New Balance,21.97,BHD,27.00,-19%
Youth Rickie,PUMA,13.32,BHD,21.57,-39%
Kids Samba Og,adidas Originals,32.9,BHD,,
Nike Flex Runner 4,Nike,21.97,BHD,27.20,-20%
Kids Duramo Sl2 El C,Adidas,18.9,BHD,22.66,-17%
Kids Adifom Samba 360 C,adidas Originals,27.43,BHD,35.67,-24%
Kids Tensaur Comfort Ac,Adidas,15.94,BHD,21.57,-27%
Kids Go Run 400 V2,SKECHERS,18.44,BHD,,
Kids Smash 3.0 L V Ps,PUMA,9.79,BHD,21.57,-55%
Kids Grand Court Minnie,Adidas,12.52,BHD,27.00,-54%
AIR MAX 270 BG,Nike,28,BHD,67.75,-59%
Kids Smash 3.0 L V Ps,PUMA,11.73,BHD,21.57,-46%
Nike Jr. Tiempo Legend 10 Academy,Nike,10.02,BHD,35.67,-72%
Youth Handball Spezial,adidas Originals,36.2,BHD,49.76,-28%
Youth P-6000 Bg,Nike,31.87,BHD,48.67,-35%
Youth Softride Cosmic Street Sliptech,PUMA,15.82,BHD,29.16,-46%
Kids Soft Wired 2 Ps,PUMA,11.27,BHD,24.83,-55%
Unisex Kids BMW M Motorsport Drift Cat Decima motorsport shoe,BMW Motorsport,11.99,BHD,37.51,-69%
Kids Handball Spezial,adidas Originals,35.17,BHD,,
Kids Duramo Sl2 El,Adidas,17.07,BHD,22.66,-25%
Kids Tensaur Run 3.0 El,Adidas,18.78,BHD,19.41,-4%
Kids Barreda Decode El C,Adidas,19.69,BHD,22.66,-14%
Infant Vl Court 3.0 Cf,Adidas,17.07,BHD,22.66,-25%
Kids Rincon 4 Big Kids,Hoka,49.51,BHD,,
Infant Vl Court 3.0 Cf,Adidas,23.68,BHD,24.83,-5%
Youth Terrain Clogs,crocs,23.79,BHD,,
Youth Gel-Nyc Gs,asics,42.46,BHD,48.78,-13%
Youth Duramo Sl2,Adidas,17.87,BHD,25.91,-32%
Youth Handball Spezial,adidas Originals,28.23,BHD,46.50,-40%
Kids Gel-1130 Ps,asics,39.27,BHD,,
Infant Tensaur Switch Cf,Adidas,14.57,BHD,18.32,-21%
Kids Altaswim 3 C,Adidas,12.63,BHD,18.32,-32%
Kids Vl Court 3.0,Adidas,19.01,BHD,25.91,-27%
Kids Campus 00S El C,adidas Originals,16.28,BHD,35.67,-55%
Tensaur Comfort Shoes Kids,Adidas,14.8,BHD,19.41,-24%
Youth Advantage Base 2.0,Adidas,17.07,BHD,22.66,-25%
Infant Tensaur Run 3.0 El,Adidas,14.57,BHD,20.49,-29%
Kids Adifom Samba 360 C,adidas Originals,24.24,BHD,43.26,-44%
Youth Runfalcon 5 El,Adidas,12.29,BHD,21.57,-44%
Kids Water Sandal Spider,Adidas,20.03,BHD,25.91,-23%
COURT BOROUGH LOW RECRAFT BPV,Nike,24.93,BHD,32.90,-25%
Kids Club Ii Era,PUMA,17.76,BHD,28.08,-37%
Youth Runfalcon 5,Adidas,14,BHD,24.83,-44%
578 Sports Shoes,New Balance,21.52,BHD,,
Kids Flexfocus Sliptech Ps,PUMA,11.38,BHD,19.41,-42%
Youth Tensaur Switch,Adidas,16.74,BHD,22.66,-27%
Kids Milano EVA  Narrow Fit Sandals,BIRKENSTOCK,21.52,BHD,,
Youth 530,New Balance,52.25,BHD,,
Kids Smash 3.0 L V Ps,PUMA,9.79,BHD,21.57,-55%
Kids Gel-1130 Ps,asics,31.87,BHD,36.32,-13%
Kids Chuck Taylor All Star 2V,CONVERSE,14.35,BHD,19.41,-27%
Kids Handball Spezial,adidas Originals,18.67,BHD,30.24,-39%
Infant Bubblecomfy,Adidas,17.07,BHD,20.49,-17%
Infant Breaknet 3.0 Cf,Adidas,15.94,BHD,18.32,-14%
COURT BOROUGH MID 2 BPV,Nike,35.17,BHD,,
Youth Air Jordan 1 Mid Bg,Jordan,39.5,BHD,59.52,-34%
Kids Classic Clogs,crocs,21.52,BHD,,
Kids Adilette Shower Logo,Adidas,9.45,BHD,12.90,-27%
Kids All-Day Active Ac+ Ps,PUMA,11.38,BHD,20.49,-45%
Kids Grand Court Minnie,Adidas,12.52,BHD,27.00,-54%
Nike Dunk Low,Nike,37.11,BHD,48.67,-24%
AIR MAX 270 BG,Nike,28,BHD,67.75,-59%
Youth Samba Og,adidas Originals,46.33,BHD,46.50,-1%
Kids Smash 3.0 L V Ps,PUMA,11.73,BHD,21.57,-46%
Kids Crocband Cruiser Sandals,crocs,23.79,BHD,,
Infant Summerflex I,Adidas,19.69,BHD,22.66,-14%
Nike Flex Runner 4,Nike,21.97,BHD,27.20,-20%
Infant Gazellef El,adidas Originals,19.01,BHD,27.00,-30%
Youth Air Jordan 1 Low Bg,Jordan,55.66,BHD,,
Nike Jr. Tiempo Legend 10 Academy,Nike,10.02,BHD,35.67,-72%
Youth Handball Spezial,adidas Originals,36.2,BHD,49.76,-28%
Kids Uno Lite,SKECHERS,28,BHD,,
Youth Cloud Play,On Running,58.05,BHD,,
Youth P-6000 Bg,Nike,31.87,BHD,48.67,-35%
Kids Fun Racer 2 Ac+ Ps,PUMA,10.59,BHD,18.32,-43%
Kids Old Skool V Sneakers,VANS,10.81,BHD,24.83,-57%
Infant Lightorama Rnr El,Adidas,16.39,BHD,25.91,-37%
COURT BOROUGH LOW RECRAFT BPV,Nike,23.34,BHD,29.48,-21%
Nike Metro Tek,Nike,14.23,BHD,37.83,-63%
Youth Omni Multi-Court Gs,Nike,16.39,BHD,30.24,-46%
Infant Adifom Samba 360 I,adidas Originals,17.42,BHD,30.24,-43%
Youth Air Max Fire Gs,Nike,27.89,BHD,48.67,-43%
Kids Navy Low-Top Casual  Slip On Sneakers - Sleek Everyday Style and Comfort for Effortless Wear,U.S. Polo Assn.,22.48,BHD,40.37,-45%
Nike Air Max SC,Nike,20.26,BHD,41.09,-51%
Infant Grand Court Minnie,Adidas,24.93,BHD,,
Kids Gt-1000 14 Ps,asics,34.15,BHD,,
Infant Flexfocus Modern Ac+,PUMA,19.24,BHD,,
Youth Softride Cosmic Street Sliptech,PUMA,15.82,BHD,29.16,-46%
Kids Soft Wired 2 Ps,PUMA,11.27,BHD,24.83,-55%
Unisex Kids BMW M Motorsport Drift Cat Decima motorsport shoe,BMW Motorsport,11.99,BHD,37.51,-69%
Infant Star Runner 5 Td,Nike,29.48,BHD,,
Kids Tensaur Run 3.0 El,Adidas,16.74,BHD,22.66,-27%
Kids Fun Racer 2 Ac+ Ps,PUMA,10.59,BHD,18.32,-43%
Youth Grand Court 3.0,Adidas,17.99,BHD,22.66,-21%
Youth 327,New Balance,46.55,BHD,,
Kids Sunray Protect 4 Bp,Nike,19.13,BHD,24.83,-23%
Kids Adilette Aqua,Adidas,7.85,BHD,10.73,-27%
Infant Chuck Taylor All Star Cribster,CONVERSE,15.82,BHD,16.15,-3%
Kids Runfalcon 5 El,Adidas,16.39,BHD,21.57,-25%
NIKE COSMIC RUNNER TD,Nike,20.72,BHD,23.79,-13%
Youth Fortarun 4.0,Adidas,20.26,BHD,28.08,-28%
Kids Samba Og,adidas Originals,23.45,BHD,30.24,-23%
Infant Tensaur Run 3.0 El,Adidas,15.25,BHD,20.49,-26%
Kids Old Skool V Sneakers,VANS,10.81,BHD,24.83,-57%
Infant Lightorama Rnr El,Adidas,16.39,BHD,25.91,-37%
COURT BOROUGH LOW RECRAFT BPV,Nike,23.34,BHD,29.48,-21%
Nike Metro Tek,Nike,14.23,BHD,37.83,-63%
Youth Omni Multi-Court Gs,Nike,16.39,BHD,30.24,-46%
Kids Tensaur Sport 3.0,Adidas,12.86,BHD,19.41,-34%
Infant Adifom Samba 360 I,adidas Originals,17.42,BHD,30.24,-43%
Youth Campus 00S,adidas Originals,37.45,BHD,49.76,-25%
Kids Lite Pro,SKECHERS,13.78,BHD,18.21,-25%
Kids Fortarun 4.0 El C,Adidas,25.38,BHD,25.91,-3%
Kids F50 Hyperfast Club Tf,Adidas,29.48,BHD,,
Kids Pokemon Print Classic Clog,crocs,22.31,BHD,30.24,-27%
Kids Superman Classic Clog,crocs,32.9,BHD,,
Youth Grand Court 3.0,Adidas,15.71,BHD,22.66,-31%
Youth Air Max Fire Gs,Nike,27.89,BHD,48.67,-43%
Infant Samba Og Cf El,adidas Originals,24.7,BHD,25.91,-5%
Youth V5 Rnr Gs,Nike,46.55,BHD,,
FORCE 1 LOW EASYON BP,Nike,44.28,BHD,,
Kids Adilette Estrap 2.0,Adidas,11.04,BHD,13.98,-22%
Kids Navy Low-Top Casual  Slip On Sneakers - Sleek Everyday Style and Comfort for Effortless Wear,U.S. Polo Assn.,22.48,BHD,40.37,-45%
Nike Air Max Nova,Nike,31.3,BHD,44.28,-30%
Kids Microspec Velocity,SKECHERS,14.57,BHD,18.21,-21%
Youth Flex Runner 4 Gs,Nike,22.42,BHD,29.48,-24%
Youth Advantage Base 2.0,Adidas,17.87,BHD,22.66,-22%
Infant Handball Spezial Cf,adidas Originals,23.11,BHD,27.00,-15%
Kids Go Run 400 V2,SKECHERS,18.44,BHD,,
Kids Adilette Sandal 2,Adidas,12.75,BHD,15.07,-16%
Youth Breaknet 3.0,Adidas,19.46,BHD,22.66,-15%
Nike Air Max Nova,Nike,27.09,BHD,41.09,-35%
Kids Runfalcon 5 El,Adidas,23.79,BHD,,
Youth Copa Pure IV Club FG,Adidas,14.46,BHD,22.66,-37%
Kids Advantage Base 2.0,Adidas,15.6,BHD,20.49,-24%
Youth Anzarun Lite,PUMA,10.36,BHD,24.83,-59%
Kids Bounder,SKECHERS,12.07,BHD,16.48,-27%
Adifom Adilette Slides Kids,adidas Originals,19.58,BHD,22.65,-14%
Youth F50 Club TF,Adidas,17.64,BHD,25.91,-32%
Adilette Sandals,Adidas,16.96,BHD,,
Youth Lightblaze,Adidas,15.71,BHD,32.41,-52%
Nike Air Max Nova,Nike,27.09,BHD,41.09,-35%
Youth Copa Pure IV Club FG,Adidas,14.46,BHD,22.66,-37%
Youth Anzarun Lite,PUMA,10.36,BHD,24.83,-59%
Youth Lightblaze,Adidas,15.71,BHD,32.41,-52%
Youth Soft Wired 2 Sliptech Ps,PUMA,12.63,BHD,24.83,-50%
Youth Dunk Low Se 1 Bg,Nike,35.29,BHD,54.09,-35%
Infant Campus 00S Cf El,adidas Originals,17.42,BHD,30.24,-43%
Kids Tensaur Comfort Ac,Adidas,13.55,BHD,21.57,-38%
Youth Pegasus Trail 5 Gs,Nike,25.27,BHD,62.76,-60%
Kids All-Day Active Ac+ Ps,PUMA,12.07,BHD,20.49,-42%
Kids Gel-Nyc Ps,asics,33.58,BHD,42.82,-22%
Youth Soft Wired 2 Sliptech Ps,PUMA,12.63,BHD,24.83,-50%
NIKE STAR RUNNER 5 GS,Nike,28.34,BHD,35.17,-20%
COURT BOROUGH LOW RECRAFT BG,Nike,33.47,BHD,40.87,-19%
Youth Gel-1130 Gs,asics,43.26,BHD,,
Kids Tensaur Run 3.0 El,Adidas,16.05,BHD,22.66,-30%
Youth Handball Spezial,adidas Originals,34.15,BHD,46.50,-27%
Youth Dunk Low Se 1 Bg,Nike,35.29,BHD,54.09,-35%
Youth Adilette Lumia,Adidas,15.48,BHD,16.96,-9%
Infant Campus 00S Cf El,adidas Originals,17.42,BHD,30.24,-43%
NIKE COSMIC RUNNER GS,Nike,35.17,BHD,,
Kids Go Run 400 V2,SKECHERS,11.61,BHD,16.48,-30%
Kids Air Max 270 Bp,Nike,31.87,BHD,48.67,-35%
Kids Tensaur Comfort Ac,Adidas,13.55,BHD,21.57,-38%
Youth Pegasus Trail 5 Gs,Nike,25.27,BHD,62.76,-60%
Kids Breakbase C,Adidas,17.19,BHD,22.66,-25%
Kids All-Day Active Ac+ Ps,PUMA,12.07,BHD,20.49,-42%
Youth Crocband Clogs,crocs,19.81,BHD,24.83,-21%
Youth Kruz Profoam Sliptech Aop,PUMA,15.71,BHD,29.16,-47%
Infant Advantagef,Adidas,20.38,BHD,,
Youth Gel-1130 Gs,asics,43.26,BHD,,
Youth Flexfocus Lite Modern,PUMA,23.79,BHD,,
Infant Tensaur Run 3.0 El,Adidas,17.64,BHD,18.32,-4%
"Kids' Black Velcro Strap Sneakers Shoes - Easy-On, Day Fun for Little Explorers!",U.S. Polo Assn.,18.91,BHD,33.22,-44%
Infant Vl Court Woody Cf,Adidas,24.93,BHD,,
Kids Vl Court Woody El C,Adidas,24.7,BHD,30.24,-19%
Youth P-6000 Bg,Nike,42,BHD,55.66,-25%
Youth Gt-1000 14 Gs,asics,36.42,BHD,,
Youth Samba Og,adidas Originals,46.55,BHD,,
Youth Terrex Tracefinder 2,Adidas,19.58,BHD,27.00,-28%
Infant Adistar Control 5 El,adidas Originals,28.34,BHD,30.62,-8%
Youth Eclyptix 2000,Adidas,30.62,BHD,,
Kids Evolve Run Sl Ac+ Ps,PUMA,21.52,BHD,,
Kids Max Invigor Bp,Nike,44.28,BHD,,
Kids Streettalk El,Adidas,29.48,BHD,,
Kids Microspec Tread,SKECHERS,20.26,BHD,,
Kids Knu Skool,VANS,27.32,BHD,30.24,-10%
Youth Sonic Fly Gs,Nike,44.28,BHD,,
Youth Air Jordan 1 Mid Bg,Jordan,67.04,BHD,,
Kids Runfalcon 6 El,Adidas,23.79,BHD,,
Kids Adistar Control 5 El,adidas Originals,30.62,BHD,35.67,-15%
Kids Lightorama Court El,Adidas,35.17,BHD,,
Infant Vortex 2.0,SKECHERS,21.52,BHD,,
Infant Bubblecomic Winnie,Adidas,23.79,BHD,,
Youth Superstar St,adidas Originals,53.38,BHD,,
Jordan Flight Court,Jordan,46.55,BHD,,
Youth Speedcat Og,PUMA,46.55,BHD,,
Kids Palermo Paw Patrol Ps,PUMA,35.17,BHD,,
Kids Superstar Ii Cf,adidas Originals,42,BHD,,
Infant Vs Switch Base Cf,Adidas,19.24,BHD,,
Infant Japan S Ts,asics,28.46,BHD,,
Infant Crocband Clog Sandals,crocs,23.79,BHD,,
TEAM HUSTLE D 12 PS,Nike,38.59,BHD,,
Youth Novablast 5 Gs,asics,44.96,BHD,,
Youth 1906,New Balance,57.94,BHD,,
Infant Runfalcon 6 El,Adidas,22.65,BHD,,
Kids Suede Xl,PUMA,40.87,BHD,,
Youth Future 9 Play FG,PUMA,28.34,BHD,,
"Kids' Black Velcro Strap Sneakers Shoes - Easy-On, Day Fun for Little Explorers!",U.S. Polo Assn.,18.91,BHD,33.22,-44%
Infant Skechers Meteor-Lights,SKECHERS,7.63,BHD,18.32,-59%
Infant Fun Racer 2 Ac+,PUMA,8.77,BHD,16.15,-46%
Kids Metro Tek Bp,Nike,20.26,BHD,30.24,-34%
Kids Fisherman Sandals,crocs,21.52,BHD,,
Kids Stellar Ride Psv,Nike,20.26,BHD,30.24,-34%
Youth Air Max 270 Bg,Nike,30.05,BHD,57.35,-48%
Infant Handball Spezial,adidas Originals,15.6,BHD,27.00,-43%
Youth Star Runner 5 Gs,Nike,20.26,BHD,30.24,-34%
Kids Air Max Bia Bp,Nike,40.87,BHD,,
Infant Grand Court Mickey Cf,Adidas,24.93,BHD,,
Youth Air Max Bia Bg,Nike,52.25,BHD,,
Youth Air Jordan 1 Mid Bg,Jordan,67.04,BHD,,
Kids Fortarun 4.0 El,Adidas,29.48,BHD,,
Youth Air Max Bia Bg,Nike,52.25,BHD,,
Youth Air Force 1 Ess+ Bg,Nike,57.94,BHD,,
Youth Air Max Phoenix Bg,Nike,69.32,BHD,,
Air Jordan 4 RM,Jordan,67.04,BHD,,
Youth JN Old Skool,VANS,28,BHD,31.98,-13%
Kids Runfalcon 6 El,Adidas,23.79,BHD,,
NIKE AIR MAX MOTO 2K BG,Nike,75.01,BHD,,
Infant Classic Clogs,crocs,18.1,BHD,,
Kids Jordan 1 Low Alt Bp,Jordan,46.55,BHD,,
AIR MAX 270 BP,Nike,52.25,BHD,,
Youth P-6000 Bg,Nike,55.66,BHD,,
Infant Breaknet 3.0 Cf,Adidas,20.38,BHD,,
Kids Runfalcon 6 El,Adidas,23.79,BHD,,
Kids Slide Sandals,speedo,10.36,BHD,10.95,-6%
Kids Superstar Ii Cf,adidas Originals,42,BHD,,
Youth Air Max 90 Ltr Gs,Nike,61.35,BHD,,
Youth Air Max Phoenix Bg,Nike,67.04,BHD,,
Youth Tensaur Run 4.0,Adidas,24.93,BHD,,
Youth Tensaur Run 4.0,Adidas,24.93,BHD,,
Kids Tensaur Run 4.0 El,Adidas,22.65,BHD,,
Youth Stellar Ride Gs,Nike,40.87,BHD,,
Kids Rush Runner Slip-On,Reebok,13.78,BHD,21.57,-37%
Youth Sonic Fly Gs,Nike,44.28,BHD,,
Jordan Session,Jordan,40.87,BHD,,
Air Jordan MVP 92,Jordan,67.04,BHD,,
Youth Ultimashow 2.0 Mer,Adidas,29.48,BHD,,
Toddler Classic Clogs,crocs,18.1,BHD,,
Youth Sonic Fly Gs,Nike,40.87,BHD,,
Kids Retro-Graph,SKECHERS,22.08,BHD,,
Kids Single Strap Sneaker,FLO,16.96,BHD,,
Infant Grand Court Crib,Adidas,14.68,BHD,,
Youth Break Start,Adidas,21.17,BHD,27.00,-22%
NIKE PACIFIC GS,Nike,44.28,BHD,,
Youth Runfalcon 6,Adidas,24.93,BHD,25.91,-4%
Youth Waffle One,Nike,46.67,BHD,,
Kids Grand Court Spider-Man El,Adidas,30.62,BHD,,
Kids Jordan 1 Low Alt Se Uni Bp,Jordan,49.97,BHD,,
Kids Suede Xl Super Ps,PUMA,35.17,BHD,,
Youth Jordan Spizike Low Bg,Jordan,69.32,BHD,,
Infant Grand Court Spider-Man Cf,Adidas,24.93,BHD,,
Kids Eclyptix 2000 El,Adidas,29.48,BHD,,
